Speaker Mike Johnson criticizes Obamacare and promises 'massive reform' if Trump wins,2024-10-30 13:10:23,R
That “Little Secret” Between Trump and Johnson? Here’s What It Could Mean.,2024-10-30 15:04:44,R
US election: Women share how abortion shaped their vote,2024-10-29 19:26:17,N
"Trump Has No Regrets About Garden Bile, Even If It Sinks Him",2024-10-30 14:49:01,D
Majority of swing-state voters say they fear violence if Trump loses ,2024-10-29 19:09:54,N
Trump's Plans Take a Page from China's Authoritarian Playbook,2024-10-30 15:14:40,D
Some Arizona voters aren't buying Kari Lake's stolen election claims — even when they believe Trump's,2024-10-30 00:02:38,D
Harris Stops Talking About Climate Change,2024-10-30 16:15:43,R
A Conservative Case Against Trump,2024-10-30 15:59:20,N
Meet the unwilling faces of GOP anti-trans ads: ‘I haven’t been able to sleep’,2024-10-30 00:22:32,D
"Nearly 300,000 Montanans have already voted in the 2024 election",2024-10-30 01:17:19,N
Make it stop! Voters in US swing states frazzled by ads blitz,2024-10-30 01:02:45,N
Tony Hinchcliffe incites fury from Swifties after calling Travis Kelce ‘the next OJ Simpson’ at Trump rally,2024-10-30 02:16:50,R
US election polls tracker 2024: Who is ahead - Harris or Trump?,2024-10-30 13:49:27,N
Gen Z Is Listening to Trump’s Access Hollywood Tape on TikTok for the First Time,2024-10-30 16:58:38,N
Four deceptive quotes in Trump’s wildly misleading new television ad,2024-10-29 18:28:06,D
"Presidents, Conventions and Nazis: A Political History of ‘The Garden’",2024-10-29 23:09:17,N
Elon on Economy Crashing if Trump Wins: ‘Sounds About Right’,2024-10-30 12:25:12,D
Ballot boxes were set on fire in Oregon and Washington. What happens to the votes?,2024-10-30 16:40:42,N
"‘Biden has failed me’: at a Michigan soup kitchen, people are torn between Harris and Trump",2024-10-29 18:18:56,N
Housing matters a lot to Hispanic voters in New Jersey,2024-10-30 14:50:48,N
Elon Musk joins list of billionaires funding Texas PAC backing GOP judicial candidates,2024-10-29 18:54:31,N
Harris to pledge ‘common ground’ in Ellipse speech; Trump stumps in Pennsylvania,2024-10-29 22:07:33,N
Most swing state voters believe Trump will not accept defeat if he loses election,2024-10-30 15:04:46,N
Former Donald Trump Administration Officials Call Him a ‘Liar’ and ‘Fascist’,2024-10-30 00:50:26,N
Poll shows Florida's recreational marijuana amendment on track to pass | Here's what voters said,2024-10-29 19:45:35,N
Paul Pelosi attacker sentenced to life in prison in California trial,2024-10-30 14:57:09,N
Singapore’s Temasek Says Trump Win Would Slow Global Growth,2024-10-30 14:52:44,N
Trump claims he doesn’t know Tony Hinchcliffe and didn’t hear his Puerto Rico comments — but doesn’t denounce them,2024-10-30 15:43:10,N
‘Frightening to consider’: fears grow over Trump’s threats to political foes,2024-10-30 17:11:36,N
Can Puerto Rico vote in U.S. presidential elections? What to know amid backlash from Trump rally comment,2024-10-30 13:01:30,N
Companies ready price hikes to offset Trump’s global tariff plans,2024-10-29 21:13:06,N
Elon Musk Eyes a Shadow Presidency,2024-10-29 21:23:00,N
Voters in Lauren Boebert’s new district are skeptical of her. Are their doubts big enough to elect a Democrat?,2024-10-30 10:20:47,D
Americans Endorse Both Early Voting and Voter Verification,2024-10-30 11:00:51,N
Harris says she strongly disagrees with criticism of people based on who they vote for,2024-10-30 07:23:32,D
"As Bernie Sanders seeks a fourth term, his growing influence is threatened by national political headwinds",2024-10-30 16:43:02,N
Why Mark Cuban is campaigning for Harris,2024-10-29 20:34:40,D
Americans are increasingly concerned about Donald Trump’s age and fitness for office,2024-10-29 20:45:08,D
Clown Upstages Bannon as MAGA Mastermind Bows to Musk and Gets Iced By Trump,2024-10-30 14:31:48,N
Elon Musk asks voters to brace for 'hardship' as billionaire plans deep spending cuts from potential Trump cabinet post,2024-10-29 18:54:06,R
Man who threatened Fulton County DA Fani Willis gets nearly 2 years in prison,2024-10-30 15:55:06,N
‘Block Community Notes We Don’t Like’: Harris Campaign Caught Red-Handed Manipulating X To Censor Criticism,2024-10-30 15:58:12,R
Trump rallies in majority-Latino Pennsylvania city after supporters' crude and racist remarks,2024-10-30 17:43:41,D
Elon Musk Offers People Sperm as He Creates Family Compound in Texas,2024-10-30 03:51:17,N
"In battleground Pennsylvania, election officials 'bracing' for onslaught of litigation",2024-10-29 21:34:46,N
Harris to hold election night event at Howard University,2024-10-29 20:09:51,D
Five former House Republicans endorse Democrat running against Scott Perry,2024-10-30 02:28:48,D
"Morning Report — Trump, Puerto Rico and the October surprise? ",2024-10-30 01:30:51,N
"A City in Texas Just Put $10,000 Bounties on Trans People Using the Bathroom. The ordinance’s enforcement mechanisms are among the most extreme of any bathroom ban in the United States.",2024-10-30 05:42:30,N
The Madison Square Garden Rally Is a Vision of a Second Trump Term,2024-10-30 12:52:25,R
What Will You Do? - Life-changing choices we may be forced to make if Donald Trump wins,2024-10-30 03:28:05,N
JD Vance Offended by Biden a Day After Complaining About Americans Getting Offended,2024-10-30 12:55:52,N
Mike Johnson promises ‘massive’ healthcare changes if Trump wins,2024-10-29 21:40:28,N
How America’s Craven Plutocrats Busted the Myth of the Business Hero,2024-10-30 15:28:46,N
Why an 'Apprentice' Exec Broke His Silence About Donald Trump: “He Would Like to Be a Dictator”,2024-10-29 19:12:22,N
Private sector added twice as many jobs as expected in October,2024-10-30 10:44:07,N
Michigan Muslim Booted From Kamala Harris Rally Says Team Trump Asked Him to Star in Campaign Ad,2024-10-30 16:49:46,N
Harris says Trump’s efforts to sow division and fear ‘not who we are’,2024-10-30 13:50:15,N
You Bet Every Vote Matters—and Here’s How to Convince People of It,2024-10-29 20:39:42,N
The Social Stigma Of Being A Trump Supporter Is Gone,2024-10-30 12:28:43,N
Ballot Box Fire Investigators Find Devices With ‘Free Gaza’ Messages,2024-10-30 12:51:59,N
Jeff Bezos says he didn't know Blue Origin met with Trump as he tries to calm Washington Post storm,2024-10-29 21:00:06,N
US supreme court rules Virginia can continue removing voters from rolls,2024-10-29 23:20:52,N
Trump Betrayed America.Republicans Must Put Country Above Party.,2024-10-29 22:58:20,D
Total Construction Spending Manufacturing in the United States ,2024-10-29 20:48:02,N
Appeals court unanimously rejects RNC challenge to some absentee ballots,2024-10-30 11:58:07,N
Trump Calls His Hate-Filled MSG Rally a ‘Lovefest’ in Rambling Press Event,2024-10-30 00:38:42,D
"Early, mail-in votes raise questions about possible election results",2024-10-29 21:45:29,N
Astronaut Buzz Aldrin reveals who has his vote in the 2024 election,2024-10-30 03:06:33,N
Dems see signs for optimism in gender gap in early vote,2024-10-30 14:40:46,D
Bad Bunny Responds to Racist Remarks at Trump Rally With a Message of Puerto Rican Pride,2024-10-30 16:07:45,N
How a German photographer sees the US,2024-10-30 09:11:52,N
Harris Tries to Distance Herself and Move On From Biden’s ‘Garbage’ Remark,2024-10-30 16:54:23,D
Shock Poll Says Kamala Harris Within Striking Distance of Trump in Kansas,2024-10-30 01:20:07,N
Jeff Bezos partied in Italy with Katy Perry as Washington Post dissolved into chaos over Harris non-endorsement,2024-10-30 01:09:05,R
Ignore the daily noise. Here are Trump and Harris’ closing arguments.,2024-10-30 05:42:38,N
Voting officials face an 'uphill battle' to fight election lies,2024-10-30 10:33:03,N
How this rogues' gallery of Trump supporters could get security clearances,2024-10-29 22:20:33,D
Musk Says Trump Will Bring 'Temporary Hardship' For Americans | HuffPost Latest News,2024-10-29 22:51:59,D
Why Americans Only Have 2 Choices in Elections,2024-10-30 13:11:41,N
Kamala Harris Likens Trump to Mad ‘Petty Tyrant’ King George,2024-10-30 14:36:12,N
Donald Trump calls Jan. 6 a “day of love.” Here are the facts.,2024-10-30 17:06:40,N
A Refusal to Vote for Harris Misapprehends the Meaning of Voting,2024-10-29 21:17:20,N
Biden calls Trump supporters 'garbage' during Harris campaign call as VP calls for unity at Ellipse rally,2024-10-30 16:49:17,N
Supreme Court Revives Virginia's Voter Roll Purge,2024-10-30 13:27:35,N
Nostradamus pollster reveals latest 2024 prediction – and how he’s never had ‘so much hate’ in an election,2024-10-30 13:14:24,N
"Bernie Sanders, AOC slam Trump, encourage progressive voters in Madison",2024-10-30 17:15:28,N
"What the US election outcome means for Ukraine, Gaza and world conflict",2024-10-30 02:20:05,N
Why I’m voting for Harris despite her stance on Gaza — and you should too,2024-10-29 20:40:56,N
A lot of state poll results show ties. So are they tied because of voters — or pollsters?,2024-10-30 12:12:37,N
"No, Trump didn’t lose more manufacturing jobs than any other president, like Walz claimed",2024-10-30 01:29:27,N
Biden announces $3 bln investment for US ports,2024-10-30 07:20:57,N
Factchecking the most pervasive myths and lies about US elections,2024-10-30 02:17:43,N
"Harris’s Mission: Disqualify Trump, but Extend a Hand to His Voters",2024-10-30 17:02:12,N
West Texas city approves transgender bathroom ban - includes private right to sue,2024-10-30 17:56:58,R
"Call it Project 2025 or Agenda 47: It’s about Trump’s power, not Americans’ good  ",2024-10-30 15:59:36,D
"Even if Donald Trump loses, he could still steal the election",2024-10-30 17:13:13,D
"Trump campaign making women uncomfortable, says Nikki Haley",2024-10-30 17:31:48,D
"Trump is ‘arrogant,’ ‘narcissistic,’ and ‘paranoid,’ these Mass. voters say. And they’re voting for him again.",2024-10-30 12:34:12,N
"Rudy Giuliani has to turn over penthouse, personal property to GA election workers by end of today",2024-10-30 11:18:19,D
"Rep. Ritchie Torres warns of ‘amplification of antisemitism’ on Twitch, including ‘poster child’ streamer Hasan Piker",2024-10-29 18:42:58,R
Biden may have handed Trump a big assist with his ‘garbage’ gaffe,2024-10-29 22:07:44,N
"Christians, You Can Stand Up to Trump",2024-10-30 12:54:04,D
"Hell, yes! The Seattle Times edit board endorses Harris for president",2024-10-30 11:12:29,D
How a polarized America walks out of 2024,2024-10-29 19:02:36,N
Democratic Houston DA slams Harris-Biden admin’s ‘absurd catch-and-release’ border policy,2024-10-30 13:10:28,R
Supreme Court allows Virginia to purge individuals from voter rolls,2024-10-29 19:22:03,R
Johnson vows health care overhaul if Republicans win: ‘No Obamacare’,2024-10-30 16:03:57,R
"15 Big Corporations Used Trump Tax Cuts to Pump $839 Billion Into Buybacks, Dividends | ""There's nothing to be gained for everyday Americans by doubling down on the Trump corporate tax breaks—a historic mistake that added trillions to the deficit while threatening critical priorities like Social Sec",2024-10-29 18:11:10,D
"Machete-wielding teen arrested after group accused of intimidating Democratic supporters at Florida polling station, police say",2024-10-29 23:54:57,D
Kamala Harris pairs anti-Trump attack with economic pitch at packed DC rally,2024-10-30 03:07:49,D
"Letter: In any normal universe, Trump’s election denialism would be disqualifying",2024-10-29 22:08:20,D
Appeals court denies GOP challenge to NC voter registrations,2024-10-30 11:02:41,N
Green Party candidate Jill Stein’s running mate celebrated the Oct. 7 attack on Israel,2024-10-30 15:39:15,N
Where’s Ivanka?,2024-10-30 02:37:39,N
Don’t Cancel Your Subscription to the Washington Post. There’s a better way to rebuke Jeff Bezos without punishing the very journalists you’re claiming to support.,2024-10-30 15:27:44,N
The Other Running Mate Josh Shapiro may be more important to Kamala Harris off the ticket than on.,2024-10-29 20:37:17,N
"So, what did you think of Harris’s October surprise?",2024-10-30 15:33:22,N
"Supreme Court clears way for Virginia to remove 1,600 alleged noncitizens from voter rolls",2024-10-30 16:22:44,N
"When it comes to the truth, Trump’s ads are about as bad as his speeches",2024-10-30 01:28:42,N
Johnson’s ‘No Obamacare’ Remark Draws Attention to Unpopular Stance | Speaker Mike Johnson said a Trump victory would allow Republicans to embark on a “massive overhaul” of the Affordable Care Act. He said the party wants to “take a blowtorch to the regulatory state.”,2024-10-30 16:13:04,N
Trump Makes Racist Puerto Rico Joke 10 Times Worse With His Reaction,2024-10-30 09:51:37,N
‘Everything Is Subservient to the Big Guy’: Fiona Hill on Trump and America’s Emerging Oligarchy,2024-10-30 00:40:50,N
How a rave with Bill Nye and Quavo encouraged voting at City Hall,2024-10-29 18:10:43,N
"Sen. Cruz attack ad uses photo of students without permission, school district says",2024-10-30 02:41:12,N
"VP nominee Tim Walz says ""people are hungry to come back together"" in campaign final push",2024-10-29 19:41:11,N
RFK Jr. said Trump promised him ‘control’ of HHS and USDA,2024-10-30 15:07:57,N
"Woman's 'horrific' death under Texas abortion ban was preventable, doctors say",2024-10-30 04:02:14,D
"The spirit of George Wallace was all over Trump’s Madison Square Garden rally | In 1968, a racist, populist presidential candidate held a hate-filled rally at Madison Square Garden. It sounded a lot like Trump’s.",2024-10-29 18:23:18,D
"VA sees record rise in benefits delivery, but promises even more",2024-10-29 21:38:06,N
An Economic Freedom Argument in Western Pennsylvania: Rep. Chris Deluzio is looking good in a swing seat by running on the most popular parts of the Biden administration’s agenda.,2024-10-29 21:03:02,D
Arnold Schwarzenegger Endorses Kamala Harris: 'Don't Recognize Our Country',2024-10-30 00:15:01,D
Elon Musk Reportedly Offered His Sperm to Nicole Shanahan. She Said No.,2024-10-30 00:46:47,N
"Harris gives closing argument speech at the Ellipse, offering ""a different path"" than Trump",2024-10-29 21:07:19,D
Jon Stewart Has a Defense of Trump’s Racist Comic After MSG Rally Roast,2024-10-30 17:27:37,D
Republicans disagree with Donald Trump on what's top election issue,2024-10-30 03:43:24,N
"I’m Nicholas Kristof, a New York Times Opinion columnist who has covered foreign and domestic affairs for more than 40 years. Ask me anything about the conflict in Sudan, the U.S. election or the war in the Middle East.",2024-10-30 15:18:53,N
Supreme Court allows Virginia to purge voter rolls ahead of the election,2024-10-30 10:45:05,N
Musk’s pro-Trump super PAC uses vulgarity demeaning women to describe Harris,2024-10-30 01:32:34,N
"Schwarzenegger endorses Harris: Trump would only make us ‘angrier, more divided’",2024-10-29 18:19:27,D
Kamala Harris takes Trump’s January 6 stage and says: Don’t vote for chaos,2024-10-29 22:31:43,D
"When pregnancy turned to miscarriage, woman says Georgia's abortion laws delayed the care she needed",2024-10-30 07:57:52,D
Trump’s Nazi Rally at MSG Perfectly Reflected ‘Republican Values’,2024-10-29 18:56:08,D
"My Fellow Republicans, It’s Time to Say Enough With Trump",2024-10-30 14:47:20,N
David DePape sentenced to life without parole for hammer attack on Paul Pelosi in state case,2024-10-29 20:39:49,N
Locating Ourselves in the History of Socialism,2024-10-30 14:10:53,N
A Clumsy Early Voting Option Has Backed up Election Offices in Pennsylvania and Frustrated Voters,2024-10-29 21:15:45,N
"Machete-wielding teen arrested after group accused of intimidating Democrat supporters at Florida polling station, police say",2024-10-30 08:25:06,D
Trump Wasn’t Kidding With That Fascist Rally. Just Ask His ICE Chief.,2024-10-30 08:29:03,N
"Amid Backlash, Trump Claims No President Has Done More for Puerto Rico Than He Has",2024-10-30 16:09:37,N
"Elections won't be impeded by 'weirdos’ after ballot box fires, says Washington lawmaker",2024-10-30 13:51:34,N
"Mark Cuban pours cold water on idea Donald Trump is a ""great businessman""",2024-10-30 16:58:05,N
Arnold Schwarzenegger endorses Kamala Harris: ‘I will always be an American before I am a Republican’,2024-10-30 15:11:59,N
Supreme Court rules RFK Jr. will appear on battleground ballots despite suspending campaign,2024-10-29 23:24:47,N
Donald Trump makes false claims about ballots in Lancaster County in Truth Social post,2024-10-30 17:38:46,N
Ranked choice voting could decide which party controls the US House. How does it work?,2024-10-30 01:32:36,N
Trump is considering halting federal grants to police that decline to participate in mass deportations,2024-10-30 16:15:45,R
Harris makes her stand in the suburbs: ‘That’s where the votes are for her’,2024-10-29 20:48:04,D
Puerto Rico’s Leading Newspaper Endorses Kamala Harris,2024-10-29 22:06:37,D
"Betsy DeVos, who resigned Trump’s administration on January 6, pumps money into Elon Musk’s pro-Trump PAC",2024-10-29 23:16:53,R
"Yes, They’re Really Voting for Jill Stein",2024-10-30 04:06:24,N
Steve Bannon’s First Show Out of Jail Should Be a Huge Warning,2024-10-29 21:12:12,D
North Carolina appeals court rejects RNC request to set aside ballots from overseas voters who never lived in state,2024-10-29 19:22:24,N
"SpaceX sues California regulator, claiming its launches were blocked because of Elon Musk’s politics",2024-10-30 10:09:47,R
"""Go wild"": RFK Jr. claims Trump promised him ""control"" of CDC and federal health care agencies",2024-10-30 14:53:59,D
Fact Check: Photo of Kamala Harris with Sean ‘Diddy’ Combs is altered,2024-10-29 21:40:53,N
Whoopi Goldberg Debunks Joe Rogan's 'Fake News' About Trump Interview,2024-10-30 14:23:03,D
"Kamala Harris could break 32-year record in Texas, survey suggests",2024-10-30 17:38:55,D
"Shameless Judge Aileen Cannon Prepares to Hand Trump Another Favor | 
Aileen Cannon is now weighing in on Donald Trump’s assassination attempt.",2024-10-30 16:20:35,D
The anti-MAGA majority will defend constitutional democracy,2024-10-30 01:40:38,D
A Republican Group Just Found the Most Cynical Message Possible on Abortion. It Involves RBG.,2024-10-30 12:13:50,R
Election Lawsuits Were Filed at a Rate of One Per Day in October,2024-10-30 16:59:16,N
Mike Johnson vows major changes to Affordable Care Act if Trump wins election,2024-10-29 18:31:31,N
Joe Biden calls Donald Trump voters ‘garbage’,2024-10-29 18:56:41,N
‘The Rest of the Country Just Might Crumble Around Us’: Wall Street on Trump v. Harris,2024-10-30 14:32:34,N
Harris on Ellipse: Time to turn the page on Trump,2024-10-30 16:19:40,N
"What do polls, early votes reveal about election in North Carolina, a key swing state?",2024-10-30 05:51:20,N
Arnold Schwarzenegger says he's voting for Kamala Harris in rare endorsement for former California governor,2024-10-29 20:42:19,N
"/r/Politics' 2024 US Elections Live Thread, Part 56",2024-10-30 14:48:03,N
US economy continues to grow at robust rate days before presidential election,2024-10-30 00:04:28,N
What Kamala Harris' troubling embrace of war hawks means | Kamala Harris' embrace of Ritchie Torres and Liz Cheney spells trouble for her progressive support.,2024-10-30 13:28:53,N
Donald Trump is like a 'disturbed' teenager: Admiral William McRaven,2024-10-30 11:27:33,N
Beauty Queen Beatrice Keul Says Donald Trump Groped Her at Pageant,2024-10-30 17:12:06,N
"""Obsessed with revenge"": In dual rallies, Trump celebrated fascism, but Kamala exposed its true face",2024-10-30 17:21:17,N
Trump bizarrely claims Puerto Ricans kiss him every time he sees them,2024-10-30 09:21:05,D
"For Jeff Bezos and his businesses, Washington has become more important ",2024-10-30 15:01:55,N
Mike Johnson Reveals One of GOP’s First Targets if They Win Congress,2024-10-30 12:56:40,R
"Harris' Ellipse Speech Rejected Fear, Division, and Chaos",2024-10-29 20:08:03,D
Memo to Oregon Gov. Kotek shows first statewide look at drug deflection ,2024-10-30 11:05:46,N
‘Fathers are voting for this man’: Gen Z reacts to Trump’s ‘Hollywood Access’ audio in new TikTok trend,2024-10-30 16:17:16,D
Dear Jeff Bezos: The ‘Hard Truth’ Is That Cowardice Like Yours Is Why People Don’t Trust The Media,2024-10-30 17:21:28,N
Biden seeks to clean up ‘garbage’ comment about Trump supporters denigrating Latinos,2024-10-29 23:34:20,N
Biden calls out Musk over a published report that the Tesla CEO once worked in the US illegally,2024-10-29 23:34:39,D
Speaker Mike Johnson sheds light on his ‘secret’ with Trump,2024-10-30 12:38:54,N
"Republicans ""very nervous"" about North Carolina—Scott Rasmussen",2024-10-30 13:24:54,R
Trump Official Turned Project 2025 Leader Draws Backlash for Joking He Wants 'M-A-L-E' Only Voting,2024-10-30 17:45:36,D
Behind the curtain on Democrats’ unprecedented digital advertising campaign,2024-10-30 16:18:43,D
‘This Is the ‘Basket of Deplorables’ Moment’: Ramaswamy Says Biden ‘Garbage’ Comments Our ‘October Surprise’,2024-10-29 19:08:42,R
Don’t Fall For Trump’s Makeover. He’s an Anti-Muslim Bigot.,2024-10-30 01:10:47,N
Michigan Clerk Removed From Election Duty Over Plans for a Hand Count,2024-10-30 16:13:07,N
Nikki Haley: Trump’s ‘Overly Masculine’ Campaign Is Blowing It,2024-10-30 16:27:00,D
Why Kamala Harris’s chances of victory just jumped,2024-10-29 18:18:59,D
Almost 6M Texans cast ballots in first week of early voting. How that compares to 2020,2024-10-29 22:16:13,N
Majority of swing-state voters say they fear violence if Trump loses,2024-10-29 20:20:53,N
Harris rally expected to draw more than 50K to downtown DC,2024-10-30 13:09:19,N
"Sixty years after the unwinding of Jim Crow, a historic US election",2024-10-30 15:51:57,N
What happens to Trump's criminal cases if he wins the election -- or loses?,2024-10-30 01:32:45,N
"Hi, Reddit! I'm Damian Paletta, I oversee the WSJ’s Washington bureau. Ask me anything about the 2024 election.",2024-10-29 20:10:38,N
"We led some of America’s largest companies. Here’s why we are voting for Harris, not Trump",2024-10-29 21:10:02,N
"For Four Hours, Christians in Georgia Gathered to Worship Trump. I Was There.",2024-10-30 17:51:47,N
"Against Impossible Double Standards, Harris Aced Her Closing Argument",2024-10-30 12:54:14,N
How Trump Exploits Divisions Among Black and Latino Voters,2024-10-29 21:00:04,N
Republican former congressional candidate charged with stealing ballots in Indiana.,2024-10-30 09:51:19,N
Not-so warm Trump welcome in Allentown as Puerto Ricans swing away after offensive rally,2024-10-30 16:31:48,N
Frustrated voters take to elections office after anxiously awaiting arrival of mail-in ballots,2024-10-29 20:39:16,N
Trump’s mass deportation plan would be ‘economic disaster’ for US,2024-10-30 16:05:16,D
"The Deep Psychological Reason We’re Stuck in This Feedback Loop With Donald Trump
",2024-10-30 16:27:09,D
What More Do You People Want from Kamala Harris? (Part Deux),2024-10-30 12:16:22,R
RFK Jr. Says Trump Promised Him 'Control' Of CDC And Other Health Agencies,2024-10-30 14:35:23,D
"Thune, Cornyn look to clinch top leadership spot with campaign blitz ",2024-10-29 20:26:27,N
Top pollster identifies the moment that could cost Kamala Harris the election as 'everything froze',2024-10-30 02:27:46,R
Peering Into the Minds of the Moderate White Women Who Might Just Save Us From Trump,2024-10-29 22:45:51,D
"Michael Cohen's warning to Trump's newest backers: ""He eats alone""",2024-10-30 09:48:18,D
"Trump will campaign in Wisconsin with Brett Favre, who's linked to a Mississippi welfare scandal",2024-10-29 18:36:40,N
Trump says it was ‘my honor to be involved’ in controversial Madison Square Garden rally,2024-10-29 18:45:09,R
Trump says he’ll lean on the Alien Enemies Act of 1798 for deportations,2024-10-30 07:15:41,R
Biden sets off a firestorm with his response to Trump rally comedian's Puerto Rico comments,2024-10-30 16:07:43,N
'We're a Fortress Now': The Militarization of US Elections Is Here,2024-10-30 15:23:54,N
"‘Catastrophe’: Fox vets cook Trump for racist, ‘bro-tastic’ self-owning hate rally",2024-10-30 03:50:33,D
"Trump is an easy mark for dictators, says Kamala Harris",2024-10-30 01:22:24,D
"If That Puerto Rico Joke Doesn’t Cost Trump, JD Vance’s Reaction Will",2024-10-29 20:23:22,R
"Gun violence has shaped the lives of Sandy Hook survivors. Now, they’re old enough to vote. ",2024-10-30 13:11:29,D
Is Ted Cruz dead? Senate Republicans want you to think so.,2024-10-30 02:22:51,N
US election latest: Harris warns election is a choice between 'country rooted in freedom or chaos' in closing pitch to voters ,2024-10-30 01:04:41,N
The election-betting market has exploded in popularity this presidential cycle,2024-10-30 17:44:23,N
"Conversation with Janelle Stelson, Democratic nominee for U.S. House District 10",2024-10-29 21:04:36,N
America’s economy is at a historic point ahead of presidential election | CNN Business,2024-10-30 00:02:30,N
Teen with machete arrested after allegedly threatening Democratic supporters at Fl. polling site,2024-10-29 22:31:02,N
"Pennsylvania county says 2,500 voter registrations being investigated for possible fraud",2024-10-30 14:33:59,N
A Nevada Woman Was Arrested After Having a Miscarriage,2024-10-30 13:22:01,N
The Supreme Court Just Gave Virginia The Green Light To Purge a Bunch Of Voters From The Rolls,2024-10-30 16:57:58,N
Gender and Education Are the New Fault Lines of American Politics,2024-10-29 20:12:34,N
"In the shadow of Jan. 6, Harris concludes her case against Trump | Refers to rival as 'wannabe dictator,' calls next week's vote most important ever",2024-10-30 14:20:51,N
"Three PA counties see organized voter fraud, Lancaster says. Is Bucks County one of them?",2024-10-30 07:46:11,N
"Aubrey Plaza Calls Out ‘Disgusting Remark’ About Puerto Rico at Trump Rally: My Abuelita Would Say, ‘Tony Hinchcliffe, Go F— Yourself’",2024-10-29 19:21:11,N
"Trump Calls Madison Square Garden Rally a ‘Love Fest,’ Suggests His Crowd Was Bigger Than the 1939 Nazi Event",2024-10-29 21:01:02,N
Donald Trump's Ground Game in Michigan Is Mostly Glitchy Apps and Vibes,2024-10-30 12:54:00,D
‘This is political bulls**t’: Former Republican candidate charged with stealing Madison County election ballots,2024-10-30 14:01:22,N
Razor blades and white powder attached to political signs lead to more charges for suspect in Arizona DNC office shootings,2024-10-29 22:36:54,N
