Harris won't say how she voted on California measure that would reverse criminal justice reforms,2024-11-03 03:30:45,D
These LGBTQ+ Candidates Are Hoping To Break Florida’s Republican Supermajority. Florida voters could elect as many as three transgender candidates to the state legislature this cycle.,2024-11-03 13:33:27,D
Trump Plummets in Election Betting Odds After ShockPoll Shows Him Losing Iowa to Harris,2024-11-03 15:58:32,D
Elon Musk’s PAC Fired and Abandoned Canvassers in Michigan: Report,2024-11-03 12:50:52,N
Harrison Ford endorses Harris for president,2024-11-03 11:33:19,D
"Leading Jewish-American Paper Endorses Trump, Citing ‘Moral Imperative’ and Warning of ‘Socialist State’ Under Harris",2024-11-04 00:00:34,R
Climate Skeptics Are Hatching Big Plans for a Second Trump Term,2024-11-03 17:57:36,R
Texas GOP amplifies voter fraud claims amid tight Senate race,2024-11-03 11:30:27,R
Tens of millions of early votes have been cast. What could it mean for Election Day?,2024-11-03 04:38:25,N
"Abortion restrictions in Texas could lead to a shortage of OB-GYNs, survey suggests",2024-11-03 17:08:21,N
Europe’s Far Right Has Roadmap for a World in Which Trump Wins,2024-11-03 14:50:01,R
"What would Kamala Harris winning mean for Alabama? Democrats say poverty, healthcare would be key targets",2024-11-03 19:41:12,D
Why business leaders are worried about JD Vance They’ve watched the party move away from them under Donald Trump. They’re worried his chosen successor could accelerate the shift.,2024-11-03 22:28:34,D
Canvassers for Elon Musk’s America PAC Were Fired and Stranded in Michigan After Speaking Out,2024-11-03 22:12:17,D
2024 election: Milwaukee early voting lines continue Saturday,2024-11-03 01:08:52,N
Harris and Trump focus on Sunbelt states during final weekend push for votes,2024-11-03 12:44:41,N
"Will.i.am Debuts Kamala Harris Endorsement Song, “Yes She Can”",2024-11-03 13:27:26,N
Nikki Haley pens supportive op-ed in favor of Trump ahead of Election Day: 'Easy call',2024-11-03 21:25:33,N
"Trump’s Closing Argument: Lies, Distortions and Inaccuracies",2024-11-03 03:08:36,N
A chaotic presidential transition could embolden U.S. adversaries,2024-11-03 14:49:55,N
" Harris isn’t perfect. But as a Catholic and a mom, I cannot vote for Trump.",2024-11-03 17:18:24,N
"Rejecting GOP plea, Supreme Court lets Pennsylvania count contested provisional ballots",2024-11-03 23:08:07,N
Famed Pollster Defends Shock Iowa Poll Showing Harris Trouncing Trump,2024-11-03 17:36:32,N
Trump leading Harris in every swing state,2024-11-03 02:16:11,R
Lady Gaga to Stump for Kamala Harris in Pennsylvania on Election Eve,2024-11-03 20:23:32,N
Arizona prosecutor investigating Trump for saying Cheney should face gunfire,2024-11-03 20:28:03,D
Trump ‘exhausted and hoarse’ in final election rallies as Lady Gaga and Oprah to support Harris,2024-11-03 23:40:08,N
Donald Trump threatens Liz Cheney with guns 'trained on her face:' The full context,2024-11-03 14:47:41,N
All That Remains of Neoliberal Identity Politics Is Fascism,2024-11-03 17:23:26,N
"Ted Cruz Is Going to 'Lose for Sure,' Pollster Predicts",2024-11-03 01:38:04,N
Harris appears on ‘Saturday Night Live’ as mirror image of Maya Rudolph with election looming,2024-11-03 03:42:43,N
Who will replace Mitch McConnell as Senate GOP leader? It remains deeply uncertain,2024-11-03 11:04:08,N
Trump Says ‘I Don’t Mind’ if the Media Gets Shot,2024-11-03 04:47:54,N
How to Check If Your 2024 Election Vote Has Been Counted,2024-11-03 12:36:34,N
"Kamala Harris Mocks Donald Trump on ‘SNL’ Appearance, Urges Americans to ‘Keep Kamala and Carry On-A-La’",2024-11-03 23:15:11,D
"Former President Trump Takes Center Stage in Milwaukee, Aims to Reclaim Key Battleground State",2024-11-03 20:40:18,R
Who is Ann Selzer? Pollster's record as Iowa poll shows Kamala Harris ahead,2024-11-03 18:59:28,D
"Would-be mail-in voters in key Pennsylvania county can go in person, judge says",2024-11-03 13:03:50,N
'Weekend Update': Michael Che Spots X-Rated Reason Why Trump Wants To Be President Again,2024-11-03 20:24:53,D
Harris Represents the New Democratic Party and the Future,2024-11-03 09:54:54,D
Listen To The Jeffrey Epstein Tapes: ‘I Was Donald Trump’s Closest Friend’,2024-11-03 14:44:57,D
Musk’s Election Bet Is Clear. How Might It Pay Off?,2024-11-03 14:19:46,N
Trump says he doesn’t mind someone shooting at journalists at rally,2024-11-03 23:57:12,R
These states have abortion laws on the ballot for the 2024 election,2024-11-03 18:43:23,N
"Panic buttons, drones, snipers among plans to guard a high-risk election",2024-11-03 13:29:26,N
How The Kamala Camp Is Reportedly Manipulating The Internet To Fake Support And Spread Lies,2024-11-03 16:30:59,R
Trump laughs as supporter yells that Harris ‘worked on the corner’,2024-11-03 04:12:05,R
I am one of the first women to sue Texas over the abortion bans after being denied a medically necessary abortion - AMA,2024-11-03 23:15:59,D
"Can you ‘undo’ political polarization? Left and right might be closer than we think, study finds University of California, Berkeley, research shows people are committed to protecting democratic institutions despite differences",2024-11-03 17:44:39,N
"Trump’s alternate-reality ‘mirror world’, where only he can save America",2024-11-03 12:29:26,N
"Investing In America: Biden-Harris Administration Announces $2.4 Billion in New Rail Projects to Improve Safety, Strengthen Supply Chains and Grow America’s Freight and Passenger Rail Networks",2024-11-03 02:00:54,N
Opinion: I’m the former Brown County GOP chair. Here’s why I’m voting for Kamala Harris.,2024-11-03 15:16:21,D
"A second US exit could ‘cripple’ the Paris climate agreement, warns UN chief",2024-11-03 18:13:37,N
"Judge rules Nebraska medical cannabis votes will be counted, declines to delay trial",2024-11-03 10:46:52,N
Iowa Poll: Democrats are preferred over Republicans in 2 of 4 congressional districts,2024-11-03 17:04:22,N
North Carolina sees turnout record with more than 4.2M ballots cast at early in-person voting sites,2024-11-03 08:03:12,N
Trump’s Economic Vision Has a Lot of Flaws. Here’s Another.,2024-11-03 13:55:31,D
Kamala Harris finds herself on Saturday Night Live amid riff to ‘end the drama-la’ in US politics,2024-11-03 13:37:55,N
FCC regulator claims Harris appearance on SNL violates ‘equal time’ rule,2024-11-03 14:44:40,N
Federal Union Slams Montana GOP Senate Candidate’s ‘Disdain’ For Wildland Firefighters. The blistering remarks come after HuffPost first revealed that Tim Sheehy accused wildland firefighters of laziness and “milking” fires for overtime pay.,2024-11-03 14:18:40,N
"Daily Discussion Hub for November 3, 2024",2024-11-03 14:11:08,N
The Real Stars of the Campaign Trail: Doritos and Diet Mountain Dew,2024-11-03 13:41:21,N
"Donald Trump's Support From Black Voters Plunges, New Poll Shows",2024-11-03 18:53:47,N
Gen Z commit to ‘canceling out’ their MAGA parents votes in new TikTok trend,2024-11-03 04:20:04,N
Researcher says Republicans hold significant advantage in early voting turnout Derek Ryan also says young voters didn’t vote early as often as they did in 2020 ,2024-11-03 18:31:41,N
2024 election: What Trump and Harris say on five issues affecting workers ,2024-11-03 14:50:46,N
Kamala Harris makes surprise appearance on Saturday Night Live,2024-11-03 04:12:36,N
Trump says he doesn’t ‘mind’ if someone had to ‘shoot through’ the media,2024-11-03 22:30:15,R
"I’m a pastor who hates abortion, opposes gay marriage — and is voting for Harris - The GOP I loved would have never chosen as its nominee the adulterous, childish, habitually lying and criminally convicted Donald Trump.",2024-11-03 16:41:12,N
RFK Jr. says a Trump White House would immediately push to remove fluoride from water,2024-11-03 20:59:06,R
Anthony Scaramucci: ‘When I took the Trump job my wife filed for divorce’,2024-11-03 05:20:04,N
What JD and Usha Vance Learned From Their “Tiger Mom” at Yale Law School,2024-11-03 13:34:20,N
Tim Scott struggles to explain Trump’s voter fraud lies,2024-11-03 21:57:04,N
"How Donald Trump winning would impact China, Russia, Iran and North Korea",2024-11-03 22:40:55,N
"Progress 2028"" may look like a Democratic response to ""Project 2025,"" but it's not",2024-11-03 17:11:09,N
I voted for Donald Trump in 2016 because my husband did. I'm not going back,2024-11-03 20:32:28,R
Harris Now Set for Narrow Win: Forecaster Who Predicted Trump Landslide,2024-11-03 23:58:52,R
"Can democracy work without journalism? With the US election upon us, we may be about to find out. Most serious news organisations are not serving the politically disengaged, yet it’s these voters who will decide the next president",2024-11-03 01:22:02,N
Harris vs Trump: How America is teetering on a knife edge ahead of an extraordinary election,2024-11-03 09:50:31,N
"Photos: Thousands of women march in DC for Harris, abortion rights",2024-11-03 12:31:11,D
'It's the Abortion Ban': Final Iowa Poll Shows Harris Leading Trump 47-44 ,2024-11-03 20:33:22,D
"Women Are Dying in Post-Roe America, and Your Vote Matters",2024-11-03 19:54:56,D
Walz predicts women will send Trump a message on Election Day ‘whether he likes it or not’,2024-11-03 19:16:48,D
Why Election Polling Has Become Less Reliable,2024-11-03 16:57:41,N
Trump’s Dangerous War With the Press Hits a Shocking New Low - The Trump-Vance campaign is now going after The Washington Post,2024-11-03 15:00:08,D
Column: Many could vote against Kamala Harris over the war in Gaza. Here’s why that’s a mistake,2024-11-03 04:17:38,N
Trump talks about reporters being shot and says he shouldn’t have left White House after 2020 loss,2024-11-03 12:35:44,N
"Not sold on Harris over Gaza yet anti-Trump, some Pa. activists are asking blue-state voters to cast protest ballots on their behalf",2024-11-03 17:06:56,N
"Harris opens 'Saturday Night Live,' urges US to 'keep Calm-ala' before election",2024-11-03 13:41:57,N
"If Trump wins the election, these 11 issues will be under threat",2024-11-03 09:35:23,N
Trump Demonized Muslims. He's Winning Some of Them Over,2024-11-03 04:10:49,N
Fact-Checking Harris’s Closing Argument,2024-11-03 14:23:13,N
Harris leads Trump by 3 points in new national survey,2024-11-03 04:02:59,N
Trump’s Long Legacy of Inciting Violence,2024-11-03 16:10:31,N
‘I Didn’t Do an About-Face on Pete Buttigieg. Buttigieg Did an About-Face on Me.’,2024-11-03 20:20:28,N
"Voting explainer: In many states, there's a process to fix an error with your ballot",2024-11-03 08:41:53,N
A simple truth is at the root of many false election claims: Voter rolls are imperfect,2024-11-03 06:56:55,N
"North Carolina is making the Trump campaign nervous | Trump keeps returning to what was once a solid red state, while the Harris team sees it as ""very much in play.""",2024-11-03 19:58:29,N
Kamala Harris is holding her final campaign rally concert in Philly. Here's what we know.,2024-11-03 19:11:16,N
"Voters Are Poised to Reshape Abortion Access, From Missouri to Montana",2024-11-03 11:02:07,N
Elon Musk Gets Some Bad News in Court Over His Dumb $1 Million Lottery,2024-11-03 14:26:27,N
The Proud Boys Have Regrouped and Are Signaling Election Plans,2024-11-03 22:57:02,N
The roast by Obama that insulted Trump so deeply it motivated him to run for president,2024-11-03 16:48:38,D
Harris makes detour for surprise ‘Saturday Night Live’ appearance,2024-11-03 17:47:03,N
Thousands of women rally in Washington for abortion rights ahead of US election – video,2024-11-03 22:01:12,D
Trump refutes Iowa polls showing Harris ahead in red state. ‘It’s not even close!’,2024-11-03 12:56:39,R
"Harris Appeals to Latino Pride, and Anger at Trump, in Final Push",2024-11-03 05:46:22,D
Jennifer Lawrence Knocks on Doors in Las Vegas for Kamala Harris Ahead of Election Day,2024-11-03 23:21:24,D
Trump Suggests He Wouldn’t Mind Someone Shooting ‘Through the Fake News’,2024-11-03 01:44:26,R
Trump can’t believe a woman wouldn’t tell her husband who she’s voting for,2024-11-03 21:27:52,D
Opinion | A Warning About Donald Trump and 2024,2024-11-03 16:19:18,D
‘I grew up in an autocracy. I do not want to die in one.’,2024-11-03 13:07:31,D
What a Trump-empowered RFK Jr. could do on health care,2024-11-03 20:05:47,N
The case for Arab and Muslim Americans to rally behind Kamala Harris,2024-11-03 16:20:51,D
Kamala Harris ‘takes lead over Donald Trump’ in Iowa,2024-11-03 18:49:32,D
‘I Think It Will Happen Again if Trump Is the President’: The Ongoing Trauma of Family Separation,2024-11-03 17:38:19,D
Commentary: DeSantis takes money meant to fight opioid addiction to propagandize against pot,2024-11-03 16:13:44,D
'I’m going to stay in my lane': GOP senator dodges on RFK Jr. saying Trump will take fluoride out of water,2024-11-03 21:42:29,N
"Lutnick Consults With Musk, Kushner, Wall Street in Rush to Staff Trump White House",2024-11-03 12:20:50,R
Texas OB-GYNs urge lawmakers to change abortion laws after reports on pregnant women's deaths,2024-11-03 13:23:11,N
"If You Think Biden and Harris Were Weak on the Border, Think Again",2024-11-03 02:18:55,N
Chinese Hackers Stole Phone Audio From Both Harris and Trump Campaigns,2024-11-03 16:07:05,N
Trump’s closing days feature chaotic moments reminiscent of his presidency,2024-11-03 19:09:55,N
Pelosi: Trump’s Violent Comments Are ‘Further Indication of His Cognitive Degeneration’,2024-11-03 23:44:20,N
"Opinion: I am pro-immigrant but Elon Musk, Melania Trump and the Murdochs must be booted",2024-11-04 00:39:55,N
Donald Trump Laughs At Sexist Comment About Harris,2024-11-03 15:47:59,N
Republicans’ Closing Argument: We Will Wreck the Economy,2024-11-03 18:57:45,N
"Ohio Sheriff’s Lieutenant in hot water after social posts; “I am sorry. If you support the Democratic Party, I will not help you”",2024-11-03 19:14:50,N
Harris mocks Trump as she makes surprise Saturday Night Live appearance.,2024-11-03 17:11:00,N
Job Cuts Could ‘Permanently Impact’ Hawaii’s Struggling Libraries,2024-11-03 16:11:58,N
"Garbage in, garbage out: Trump’s error-filled week",2024-11-03 15:59:30,N
No One Has an Alibi,2024-11-03 17:18:04,N
FCC commissioner claims Harris on ‘SNL’ violates ‘equal time’ rule ,2024-11-03 13:05:48,N
Harris tops Trump in Iowa in latest Des Moines Register poll,2024-11-03 20:51:52,N
A Florida school board candidate lost his race. DeSantis appointed him to the board anyway,2024-11-03 20:54:15,N
Trump Tells Supporters He ‘Shouldn’t Have Left’ the White House,2024-11-03 13:05:17,R
Bill Clinton Defends George W. Bush’s 2024 Silence,2024-11-03 23:13:17,N
SNL’s Michael Che Knows Why Trump Was Blowing That Mic Stand,2024-11-03 16:59:21,D
"National Guard troops on standby in Washington state, Oregon and Nevada as a precaution for ‘potential’ election unrest",2024-11-03 02:25:00,N
"Trump Boasts ‘Every Rally Is Full’ as Camera Immediately Pans to Empty Seats, People Leaving",2024-11-03 21:22:34,D
NY Times: Trump’s Truth Social Posts Full of Lies & Conspiracy Theories by Design,2024-11-03 13:10:39,D
Michigan voters flock to the poles for final weekend of early voting,2024-11-03 15:37:46,N
"How Donald Trump is laying the groundwork to dispute the election results – again



",2024-11-03 17:50:32,D
"SNL with Kamala Harris features references to Trump rallies in Wisconsin with garbage truck, broken mic",2024-11-03 16:48:48,D
Georgia county ordered to extend counting of absentee ballots after lawsuit,2024-11-03 13:11:27,N
"Trump Says He Wouldn’t Mind if Someone Shot Journalists - “To get me, somebody would have to shoot through the fake news and I don’t mind that so much,” Trump told a Pennsylvania rally.",2024-11-03 21:37:44,R
Dr. Seuss book banned by GOP after right-wing blamed “woke left” for “canceling” him. 'Wacky Wednesday' is among more than 400 books banned in one Tennessee county.,2024-11-03 17:54:02,R
Reese Witherspoon Votes for Kamala Harris: 'Protect Democracy at All Costs',2024-11-03 17:36:12,D
Republicans almost certain to take back US Senate — regardless of who wins presidential race,2024-11-03 18:04:27,R
"Univision : More than 60% of Latino voters in Pennsylvania support Kamala Harris amid the controversy over calling Puerto Rico a ""floating island of garbage"" at a Trump rally",2024-11-03 04:33:08,D
Poll with oracle-like status delivers stunning warning for Trump and could signal Harris surge in Midwest,2024-11-03 04:08:35,D
Ann Selzer Responds to Iowa Poll Backlash,2024-11-03 23:59:52,N
"Harris and Trump Battle to the Wire in Swing States, Times/Siena Polls Find",2024-11-03 14:04:28,N
Trump says mass deportations will ease the housing crisis. We've seen that before — under the Nazis in France,2024-11-03 18:41:01,N
James O’Keefe Recruits Election Workers to Secretly Record at the Polls ,2024-11-04 00:41:25,N
How Congress Could Upend the Election,2024-11-03 06:30:35,N
Friend Who Lived with Kamala Harris to Escape Abuse Recalls Her 'Natural Protective Instincts' (Exclusive),2024-11-03 21:27:44,N
Pro-Trump Comic’s Puerto Rico Insult Raises Democrats' Hopes In Pennsylvania,2024-11-03 15:33:13,N
Kamala Harris Gets Worrying Sign in Bellwether Pennsylvania County,2024-11-03 14:26:16,N
"On election night 2024, don’t fall for falsehoods",2024-11-03 18:55:38,N
A Final Plea To Nikki Haley Voters,2024-11-03 18:19:29,N
Trump wants to narrow his deficit with women but he's not changing how he talks about them,2024-11-03 01:26:25,N
"Trump remarks about protecting women are ‘ominous’ coming from a ‘sexual predator,’ Warnock says",2024-11-03 13:16:48,N
All the President’s (Rich) Men,2024-11-03 12:27:18,N
The racist ‘one-drop rule’ lives on in how Trump talks about Black politicians and whiteness in America,2024-11-03 21:38:54,N
Rattled Trump Rages After Shock Iowa Poll Favors Harris: ‘Trump Hater’,2024-11-03 03:47:10,N
The last temptation of Donald Trump: How he lured evangelicals to follow Satan,2024-11-03 17:47:06,N
A 'constitutional sheriff' tried to seize voting machines in 2020. Officials are bracing for a repeat.,2024-11-03 12:18:02,N
FCC commissioner claims Harris on ‘SNL' violates ‘equal time' rule,2024-11-03 22:21:39,R
"Sunday shows preview: Trump, Harris still deadlocked days from election",2024-11-03 04:48:19,N
Trump says he wouldn’t ‘mind’ if someone were to ‘shoot through’ the media at his Pa. rally,2024-11-03 11:43:47,R
The Populist Challenge to Truth Itself,2024-11-03 17:27:42,N
Trump Promises to Bring About a New Era of Christian Power,2024-11-03 15:56:18,R
Nearly $1 billion has been spent on political ads over the last week,2024-11-03 04:38:36,N
The Trump Administration Rolled Back More Than 100 Environmental Rules. Here’s the Full List.,2024-11-03 19:20:20,D
Trump doesn't rule out banning vaccines if he becomes president: 'I'll make a decision',2024-11-03 14:00:22,R
"Native Americans are on ballots at a record high, but more representation is needed",2024-11-03 23:00:38,N
Column: What do women want? Not Donald Trump,2024-11-03 15:09:10,D
What are the surprising takeaways from early voting? Analyst explains why Republicans should worry.,2024-11-03 21:15:12,R
Joseph Nye: ‘Trump could destroy the United States’ soft power’,2024-11-03 04:16:48,D
Trump supporters expect election fraud and violence,2024-11-04 00:08:14,N
"Trump’s Wild Claims, Conspiracies and Falsehoods Redefine Presidential Bounds",2024-11-03 16:41:50,D
"The evolving ""Wild West"" of political advertising",2024-11-03 21:13:37,N
The canvassers using tracking apps to find why Kamala isn’t breaking through,2024-11-03 22:14:17,D
"If Trump wins the election, these 11 issues will be under threat.",2024-11-03 02:45:52,D
British ‘mega poll’ leans toward Harris victory,2024-11-03 18:30:40,N
Shock Poll Has Harris Beating Trump in Deep Red State - Presidential candidate Kamala Harris has leapfrogged rival Donald Trump in the Hawkeye State amid fierce campaigning in a neck-and-neck showdown.,2024-11-03 01:13:02,N
Kamala Harris takes two point lead over Trump in final must-win state: Poll,2024-11-03 19:34:45,N
'So Confusing': Montana GOP Senate Candidate Gives Shifting Explanations About Gunshot Wound,2024-11-03 14:18:21,N
"In surprise, Harris has slight lead over Trump in Iowa poll",2024-11-03 11:22:08,N
Harrison Ford says ‘don’t do this again’ when endorsing presidential candidate,2024-11-03 12:53:33,N
North Carolina Puerto Rican voters say Trump will pay a price for history of insults,2024-11-03 17:00:54,N
Trump learned from his failed coup. But so did democracy’s defenders.,2024-11-03 02:46:53,N
Trump tariffs would hit Canada 'faster and harder' than most: former top Trudeau aide,2024-11-03 23:53:25,N
Humorless Feminists Against Trump,2024-11-03 19:06:58,N
Trump says he ‘shouldn’t have left’ the White House as he closes campaign with increasingly dark message,2024-11-03 16:19:47,N
When did moral character stop being vital to leadership in our democracy?,2024-11-03 21:31:19,N
"Kamala Harris ‘SNL’ Appearance May Have Violated FCC ‘Equal Time’ Rule, Trump-Appointed Commissioner Claims",2024-11-03 19:20:06,N
Trump campaign leaving some cities with hundreds of thousands in unpaid bills after rallies,2024-11-03 23:46:09,N
Trump says he ‘shouldn’t have left’ the White House as he closes campaign with increasingly dark message ,2024-11-03 13:59:34,N
Many wealthy members of Congress are descendants of rich slaveholders − new study demonstrates the enduring legacy of slavery,2024-11-03 19:57:33,D
"In a bathroom stall, a simple message: Vote Harris. No one will know.",2024-11-03 23:20:31,D
Harris Argues Her Case For Victory During Milwaukee Rally Friday Night,2024-11-03 18:12:13,N
"To save our democracy, we must get rid of online anonymity ",2024-11-03 15:58:27,D
"Univision Poll: More than 60% of Latino voters in Pennsylvania support Kamala Harris amid the controversy over calling Puerto Rico a ""floating island of garbage"" at a Trump rally",2024-11-03 04:38:07,D
"Harris, Trump issue appeal to Americans abroad in bid for more votes in tight race",2024-11-03 18:04:08,N
Harris grabs unexpected last-minute lead over Trump in Iowa polls,2024-11-03 16:11:18,D
Harris’ final Pennsylvania campaign ads feature Gov. Shapiro,2024-11-03 19:54:44,N
2024’s biggest gaffe? GOP telling the truth about what it will do to America.,2024-11-03 05:06:17,R
Why Pennsylvania’s election results will take time to count,2024-11-03 22:10:51,N
Trump team fully embraces RFK Jr.'s vaccine skepticism,2024-11-03 02:31:52,R
Trump Laughs as Supporter Yells That Harris ‘Worked on the Corner’,2024-11-03 20:48:16,R
Chloe Grace Moretz comes out as gay while endorsing Kamala Harris for president,2024-11-03 21:39:54,D
"Lady Gaga, Katy Perry, Oprah among celebrities campaigning with Kamala Harris in Pennsylvania",2024-11-03 18:41:18,D
"After All the Mishegoss, Can Harris Get the Jewish Vote She Needs? ",2024-11-03 16:47:33,N
"November 2024 Iowa Poll: Trump 53%, Harris 43%",2024-11-03 07:37:53,R
Trump’s COVID Response: A Preview of Disasters to Come,2024-11-03 15:25:17,N
Alaska governor awards $1m in state funds to Indigenous group backing oil drilling,2024-11-03 14:44:05,R
Transgender issues aren’t a top voter concern. Why is Trump’s campaign obsessed with them?,2024-11-03 17:04:33,D
Trump talks about reporters being shot and says he shouldn't have left White House after 2020 loss,2024-11-03 02:51:51,N
How the Christian right is twisting the legacy of an anti-Nazi hero,2024-11-03 11:17:03,N
Detroit voters have power to shape presidential election. The 'threat is indifference' | Bridge Michigan,2024-11-03 04:27:54,N
Trump doesn't rule out banning vaccines if he becomes president,2024-11-03 11:52:45,N
"After losing a constitutional right, America picks a president",2024-11-03 03:02:02,N
Endorsement: Kamala Harris for president to put an end to Trump’s long con,2024-11-03 19:23:24,N
Inside the radical Trump-backing group behind Project 2025 • Heritage Foundation think-tank is banking on Republican candidate’s re-election,2024-11-03 14:09:31,N
FCC Commissioner blasts Harris’ SNL appearance as ‘clear and blatant effort’ to evade Equal Time rule,2024-11-03 16:39:28,N
Minnesota Woman Charged with Three Felonies for Forging a Mail-in Ballot for Her Dead Mother. Claimed Her Mother Wanted to Vote for Trump.,2024-11-03 19:38:38,N
"Elon Musk and Donald Trump’s Bromance Will ‘End in Tears,’ Says Author Michael Wolff",2024-11-03 21:00:10,N
Harris goes to church while Trump muses about reporters being shot,2024-11-03 22:05:22,N
Reporter called out for serving up a softball question to Harris right out of the gate,2024-11-03 21:21:28,N
Donald Trump's Nephew Recalls Grandpa's Dementia Symptoms as He Warns of Former President's 'Decline' ,2024-11-04 00:26:23,N
Coastal Commission rejects proposal for more SpaceX launches from Vandenberg,2024-11-03 20:49:52,N
Kamala Harris Gains Momentum as Campaigns Head into Homestretch,2024-11-03 21:08:53,D
Whirlwind of misinformation sows distrust ahead of US Election Day,2024-11-03 02:09:24,N
"Trump says he doesn't mind if a shooter takes aim at ""fake news"" to get him",2024-11-03 19:41:40,R
Early voting data shows flood of new Democratic women and Republican men in these swing state.,2024-11-03 15:08:22,N
Liz Cheney says she regrets years-long support for Donald Trump,2024-11-03 17:27:55,D
Trump appears to forget he is in North Carolina,2024-11-03 16:18:44,D
Trump Is Planning a Third Red Scare,2024-11-03 17:41:32,D
"Tlaib, Bush: Biden’s Deployment of US Troops to Israel Violates the Constitution",2024-11-03 17:20:54,N
"Kamala Harris makes surprise visit to 'SNL,' promising to 'end the dramala'",2024-11-04 00:28:11,D
Georgia judge rejects GOP lawsuit trying to block counties from accepting hand-returned mail ballots,2024-11-03 21:35:39,D
"Harris-Trump race is neck and neck, with significant gender gap",2024-11-03 17:15:29,N
FCC Commissioner Claims Kamala Harris’ ‘SNL’ Appearance Violated Equal Time Rule,2024-11-03 18:59:07,R
Harris joins line of politicians appearing on 'Saturday Night Live',2024-11-03 10:56:05,N
How Ken Paxton Built the Foundation for the New Big Lie. The Texas AG has been on a years-long crusade to spread fears that Democrats are importing immigrants to steal the election.,2024-11-03 22:13:46,N
"When Trump says he’s going to ‘protect’ women, we know he means ‘control’",2024-11-03 16:01:23,D
Trump Suggests He’s Open to Banning Vaccines and Other Wacko RFK Jr. Policies,2024-11-03 14:48:42,D
A much-watched poll from Iowa points to a Harris landslide,2024-11-03 18:10:42,N
